{"4":"\nadd_smalltext|We couldn't find last winners.|","7":"\nadd_smalltext|We couldn't find last winners.|","_10938_":0,"angelic_aura2":0,"balloon_winners":[],"building_machine2":0,"buy_enabled":false,"c_event":0,"can_event":true,"cheater_role3":0,"crypto_3":[],"crypto_bought":0,"crypto_sold":0,"cursed_eyes":0,"dracula_set":0,"e_scepter":0,"event_id":0,"experience_rayman2":0,"helicopter_price2s1":0,"island_blast2":0,"laser_light2":0,"logs":[],"lrayman_price":75000000,"n_event":1709644600,"old_event_id":0,"rate":[],"recycling_machine2":0,"rid":[],"top_player_points":[],"top_wls":[],"total_pineapple_eaten":0,"total_wls_recycled":0,"vapor_blade":0,"wls_event_time":0,"wotd":[],"zeus_crown2":0}
